[{"model": "mainapp.team", "pk": 1, "fields": {"country": "Angleterre", "country_alpha2": "gb", "nickname": "XV de la Rose", "color_first": "FFFFFF", "color_second": "A71931"}}, {"model": "mainapp.team", "pk": 2, "fields": {"country": "Fidji", "country_alpha2": "fj", "nickname": "The Flying Fijians", "color_first": "FFFFFF", "color_second": "99B7E8"}}, {"model": "mainapp.team", "pk": 3, "fields": {"country": "Japon", "country_alpha2": "jp", "nickname": "The Cherry Blossoms", "color_first": "FFFFFF", "color_second": "E70012"}}, {"model": "mainapp.team", "pk": 4, "fields": {"country": "Samoa", "country_alpha2": "ws", "nickname": "Manu Samoa", "color_first": "264282", "color_second": "181A1B"}}, {"model": "mainapp.team", "pk": 5, "fields": {"country": "Australie", "country_alpha2": "au", "nickname": "Les Wallabies", "color_first": "FAD068", "color_second": "8C6505"}}, {"model": "mainapp.team", "pk": 6, "fields": {"country": "Tonga", "country_alpha2": "to", "nickname": "Ikale Tahi", "color_first": "FF0000", "color_second": "181A1B"}}, {"model": "mainapp.team", "pk": 7, "fields": {"country": "Nouvelle-Z�lande", "country_alpha2": "nz", "nickname": "All Blacks", "color_first": "FFFFFF", "color_second": "000000"}}, {"model": "mainapp.team", "pk": 8, "fields": {"country": "Afrique du Sud", "country_alpha2": "za", "nickname": "Les Springboks", "color_first": "FFB300", "color_second": "0C3D1B"}}, {"model": "mainapp.stadium", "pk": 1, "fields": {"name": "Ajinomoto Stadium", "location": "Tokyo", "latitude": "35.664051", "longitude": "139.527175"}}, {"model": "mainapp.stadium", "pk": 2, "fields": {"name": "Toyota Stadium", "location": "Tokyo", "latitude": "35.084470", "longitude": "137.170923"}}, {"model": "mainapp.stadium", "pk": 3, "fields": {"name": "Noevir Stadium Kobe", "location": "Kobe", "latitude": "34.656683", "longitude": "135.168941"}}, {"model": "mainapp.stadium", "pk": 4, "fields": {"name": "Best Denki Stadium", "location": "Fukuoka", "latitude": "33.585855", "longitude": "130.460784"}}, {"model": "mainapp.event", "pk": 1, "fields": {"stadium": 1, "team_home": 2, "team_away": 1, "start": "2023-07-12T19:30:00Z"}}, {"model": "mainapp.event", "pk": 2, "fields": {"stadium": 1, "team_home": 4, "team_away": 3, "start": "2023-07-13T19:30:00Z"}}, {"model": "mainapp.event", "pk": 3, "fields": {"stadium": 2, "team_home": 6, "team_away": 5, "start": "2023-07-14T19:00:00Z"}}, {"model": "mainapp.event", "pk": 4, "fields": {"stadium": 2, "team_home": 8, "team_away": 7, "start": "2023-07-15T19:30:00Z"}}, {"model": "mainapp.event", "pk": 5, "fields": {"stadium": 3, "team_home": null, "team_away": null, "start": "2023-07-18T19:30:00Z"}}, {"model": "mainapp.event", "pk": 6, "fields": {"stadium": 4, "team_home": null, "team_away": null, "start": "2023-07-20T19:30:00Z"}}, {"model": "mainapp.event", "pk": 7, "fields": {"stadium": 3, "team_home": null, "team_away": null, "start": "2023-07-22T18:30:00Z"}}, {"model": "mainapp.event", "pk": 8, "fields": {"stadium": 4, "team_home": null, "team_away": null, "start": "2023-07-22T20:00:00Z"}}, {"model": "mainapp.ticket", "pk": "01bf3108-e004-4722-8a85-d384cb2262ea", "fields": {"event": 3, "category": "Platinum", "seat": "P-11", "price": 60, "currency": "EUR"}}, {"model": "mainapp.ticket", "pk": "0783f40c-1f31-4f93-aa23-63576c0e8074", "fields": {"event": 3, "category": "Platinum", "seat": "P-8", "price": 8000, "currency": "JPY"}}, {"model": "mainapp.ticket", "pk": "09c525e1-e3eb-4d15-a6a8-60bee6343e0f", "fields": {"event": 6, "category": "Gold", "seat": "G-5", "price": 50, "currency": "EUR"}}, {"model": "mainapp.ticket", "pk": "09f90c2f-82a9-42f9-a542-706409872a5d", "fields": {"event": 5, "category": "Silver", "seat": "free", "price": 65, "currency": "NZD"}}, {"model": "mainapp.ticket", "pk": "141dce64-445c-46ef-8e3a-b7b3acb449d4", "fields": {"event": 6, "category": "Gold", "seat": "G-4", "price": 50, "currency": "EUR"}}, {"model": "mainapp.ticket", "pk": "1ec4e885-0268-464e-a610-6c1346245b92", "fields": {"event": 4, "category": "Gold", "seat": "G-39", "price": 6700, "currency": "JPY"}}, {"model": "mainapp.ticket", "pk": "22757c35-5264-4863-b936-fda521438115", "fields": {"event": 1, "category": "Silver", "seat": "free", "price": 65, "currency": "NZD"}}, {"model": "mainapp.ticket", "pk": "26d0206f-ff64-4182-aee9-1028d189ebd8", "fields": {"event": 2, "category": "Platinum", "seat": "P-12", "price": 8000, "currency": "JPY"}}, {"model": "mainapp.ticket", "pk": "3d3a09a5-ff58-48fb-8615-e8a5ef871ae0", "fields": {"event": 7, "category": "Gold", "seat": "G-53", "price": 80, "currency": "NZD"}}, {"model": "mainapp.ticket", "pk": "41a9c6bc-b4f6-49ed-ab34-5aecddbf3cc5", "fields": {"event": 8, "category": "Platinum", "seat": "P-51", "price": 60, "currency": "EUR"}}, {"model": "mainapp.ticket", "pk": "45d75237-f682-4189-95b8-4bd5b1634b77", "fields": {"event": 2, "category": "Gold", "seat": "G-23", "price": 80, "currency": "NZD"}}, {"model": "mainapp.ticket", "pk": "680c831d-c79d-4070-aeb1-7ef42081c0eb", "fields": {"event": 5, "category": "Platinum", "seat": "P-15", "price": 95, "currency": "NZD"}}, {"model": "mainapp.ticket", "pk": "7d73929a-f6a2-4996-96c1-eb9ae2df70d3", "fields": {"event": 1, "category": "Platinum", "seat": "P-51", "price": 60, "currency": "EUR"}}, {"model": "mainapp.ticket", "pk": "de725ef3-a2e6-430b-b5eb-adb4e203b142", "fields": {"event": 8, "category": "Platinum", "seat": "P-12", "price": 8000, "currency": "JPY"}}, {"model": "mainapp.ticket", "pk": "f5970135-9157-49d9-81da-469cc52f41b2", "fields": {"event": 4, "category": "Silver", "seat": "free", "price": 40, "currency": "EUR"}}, {"model": "mainapp.ticket", "pk": "ff17465b-8ba6-4b02-ba3d-45f8aecbaa0c", "fields": {"event": 7, "category": "Platinum", "seat": "P-18", "price": 95, "currency": "NZD"}}, {"model": "mainapp.newsletter", "pk": "guy@liguerugby.dev", "fields": {"name": "Guy NODESS", "consent": false}}, {"model": "mainapp.newsletter", "pk": "seblebest@mail.dev", "fields": {"name": "S�bastien CHANAL", "consent": true}}]
